<?xml version="1.0"?> 
	<rss version="2.0"> 
	<channel> 
	<title>E-Commerce Ikan Asin</title> 
	<link>localhost</link> 
	<description>Feed Description</description> 
	<language>en-us</language><item>
					 <title>E-Commerce Ikan Asin</title>
					 <link>http://localhost/index.php?module=detail&id=KT001-1</link>
					 <description>Harga Sekilo</description>
					 </item><item>
					 <title>E-Commerce Ikan Asin</title>
					 <link>http://localhost/index.php?module=detail&id=KT001-10</link>
					 <description>Harga per</description>
					 </item><item>
					 <title>E-Commerce Ikan Asin</title>
					 <link>http://localhost/index.php?module=detail&id=KT001-2</link>
					 <description>Harga per</description>
					 </item><item>
					 <title>E-Commerce Ikan Asin</title>
					 <link>http://localhost/index.php?module=detail&id=KT001-3</link>
					 <description>Harga per</description>
					 </item><item>
					 <title>E-Commerce Ikan Asin</title>
					 <link>http://localhost/index.php?module=detail&id=KT001-4</link>
					 <description>Harga per</description>
					 </item><item>
					 <title>E-Commerce Ikan Asin</title>
					 <link>http://localhost/index.php?module=detail&id=KT001-5</link>
					 <description>Harga per</description>
					 </item><item>
					 <title>E-Commerce Ikan Asin</title>
					 <link>http://localhost/index.php?module=detail&id=KT001-6</link>
					 <description>Harga per</description>
					 </item><item>
					 <title>E-Commerce Ikan Asin</title>
					 <link>http://localhost/index.php?module=detail&id=KT001-7</link>
					 <description>Harga per</description>
					 </item><item>
					 <title>E-Commerce Ikan Asin</title>
					 <link>http://localhost/index.php?module=detail&id=KT001-8</link>
					 <description>Harga per</description>
					 </item><item>
					 <title>E-Commerce Ikan Asin</title>
					 <link>http://localhost/index.php?module=detail&id=KT001-9</link>
					 <description>Harga per</description>
					 </item></channel></rss>